x,v_ana,d_ana,v_gts_fo,d_gts_fo,v_gts_tvd,d_gts_tvd,v_lts_fo,d_lts_fo,v_lts_tvd,d_lts_tvd
0.025,0.0,4.0,0.0,4.0,0.0,4.0,0.0,4.0,0.0,4.0
0.075,0.0,4.0,0.0,4.0,0.0,4.0,0.0,4.0,0.0,4.0
0.125,0.0,4.0,0.0,4.0,0.0,4.0,0.0,4.0,0.0,4.0
0.175,0.0,4.0,0.0,4.0,0.0,4.0,0.0,4.0,0.0,4.0
0.225,0.0,4.0,0.0,4.0,0.0,4.0,0.0,4.0,0.0,4.0
0.275,0.0,4.0,0.0,4.0,0.0,4.0,0.0,4.0,0.0,4.0
0.325,0.0,4.0,0.0,4.0,0.0,4.0,0.0,4.0,0.0,4.0
0.375,0.0,4.0,0.0,4.0,0.0,4.0,0.0,4.0,0.0,4.0
0.425,0.0,4.0,0.0,4.0,0.0,4.0,0.0,4.0,0.0,4.0
0.475,0.0,4.0,0.0,4.0,0.0,4.0,0.0,4.0,0.0,4.0
0.525,0.0,4.0,0.0,4.0,0.0,4.0,0.0,4.0,0.0,4.0
0.575,0.0,4.0,0.0,4.0,0.0,4.0,0.0,4.0,0.0,4.0
0.625,0.0,4.0,0.0,4.0,0.0,4.0,0.0,4.0,0.0,4.0
0.675,0.0,4.0,0.0,4.0,0.0,4.0,0.0,4.0,0.0,4.0
0.725,0.0,4.0,0.0,4.0,0.0,4.0,0.0,4.0,0.0,4.0
0.775,0.0,4.0,0.0,4.0,0.0,4.0,0.0,4.0,0.0,4.0
0.825,0.0,4.0,0.0,4.0,0.0,4.0,0.0,4.0,0.0,4.0
0.875,0.0,4.0,0.0,4.0,0.0,4.0,0.0,4.0,0.0,4.0
0.925,0.0,4.0,0.0,4.0,0.0,4.0,0.0,4.0,0.0,4.0
0.975,0.0,4.0,0.0,4.0,0.0,4.0,0.0,4.0,0.0,4.0
1.025,0.0,4.0,0.0,4.0,0.0,4.0,0.0,4.0,0.0,4.0
1.075,0.0,4.0,0.0,4.0,0.0,4.0,0.0,4.0,0.0,4.0
1.125,0.0,4.0,0.0,4.0,0.0,4.0,0.0,4.0,0.0,4.0
1.175,0.0,4.0,0.0,4.0,0.0,4.0,0.0,4.0,0.0,4.0
1.225,0.0,4.0,0.0,4.0,0.0,4.0,0.0,4.0,0.0,4.0
1.275,0.0,4.0,0.0,4.0,0.0,4.0,0.0,4.0,0.0,4.0
1.325,0.0,4.0,0.0,4.0,0.0,4.0,0.0,4.0,0.0,4.0
1.375,0.0,4.0,0.0,4.0,0.0,4.0,0.0,4.0,0.0,4.0
1.425,0.0,4.0,0.0,4.0,0.0,4.0,0.0,4.0,0.0,4.0
1.475,0.0,4.0,0.0,4.0,0.0,4.0,0.0,4.0,0.0,4.0
1.525,0.0,4.0,0.0,4.0,0.0,4.0,0.0,4.0,0.0,4.0
1.575,0.0,4.0,0.0,4.0,0.0,4.0,0.0,4.0,0.0,4.0
1.625,0.0,4.0,0.0,4.0,0.0,4.0,0.0,4.0,0.0,4.0
1.675,0.0,4.0,0.0,4.0,0.0,4.0,0.0,4.0,0.0,4.0
1.725,0.0,4.0,0.0,4.0,0.0,4.0,0.0,4.0,0.0,4.0
1.775,0.0,4.0,0.0,4.0,0.0,4.0,0.0,4.0,0.0,4.0
1.825,0.0,4.0,0.0,4.0,0.0,4.0,0.0,4.0,0.0,4.0
1.875,0.0,4.0,0.0,4.0,0.0,4.0,0.0,4.0,0.0,4.0
1.925,0.0,4.0,0.0,4.0,0.0,4.0,0.0,4.0,0.0,4.0
1.975,0.0,4.0,0.0,4.0,0.0,4.0,0.0,4.0,0.0,4.0
2.025,0.0,4.0,0.0,4.0,0.0,4.0,0.0,4.0,0.0,4.0
2.075,0.0,4.0,0.0,4.0,0.0,4.0,0.0,4.0,0.0,4.0
2.125,0.0,4.0,0.0,4.0,0.0,4.0,0.0,4.0,0.0,4.0
2.175,0.0,4.0,0.0,4.0,0.0,4.0,0.0,4.0,0.0,4.0
2.225,0.0,4.0,0.0,4.0,0.0,4.0,0.0,4.0,0.0,4.0
2.275,0.0,4.0,0.0,4.0,0.0,4.0,0.0,4.0,0.0,4.0
2.325,0.0,4.0,0.0,4.0,0.0,4.0,0.0,4.0,0.0,4.0
2.375,0.0,4.0,0.0,4.0,0.0,4.0,0.0,4.0,0.0,4.0
2.425,0.0,4.0,0.0,4.0,0.0,4.0,0.0,4.0,0.0,4.0
2.475,0.0,4.0,0.0,4.0,0.0,4.0,0.0,4.0,0.0,4.0
2.525,0.0,4.0,0.0,4.0,0.0,4.0,0.0,4.0,0.0,4.0
2.575,0.0,4.0,0.0,4.0,0.0,4.0,0.0,4.0,0.0,4.0
2.625,0.0,4.0,0.0,4.0,0.0,4.0,0.0,4.0,0.0,4.0
2.675,0.0,4.0,0.0,4.0,0.0,4.0,0.0,4.0,0.0,4.0
2.725,0.0,4.0,0.0,4.0,0.0,4.0,0.0,4.0,0.0,4.0
2.775,0.0,4.0,0.0,4.0,0.0,4.0,0.0,4.0,0.0,4.0
2.825,0.0,4.0,0.0,4.0,0.0,4.0,0.0,4.0,0.0,4.0
2.875,0.0,4.0,0.0,4.0,0.0,4.0,0.0,4.0,0.0,4.0
2.925,0.0,4.0,0.0,4.0,0.0,4.0,0.0,4.0,0.0,4.0
2.975,0.0,4.0,0.0,4.0,0.0,4.0,0.0,4.0,0.0,4.0
3.025,0.0,4.0,4.99600361081e-16,4.0,0.0,4.0,4.99600361081e-16,4.0,0.0,4.0
3.075,0.0,4.0,2.6645352591e-15,4.0,0.0,4.0,2.6645352591e-15,4.0,0.0,4.0
3.125,0.0,4.0,7.54951656745e-15,4.0,0.0,4.0,7.54951656745e-15,4.0,0.0,4.0
3.175,0.0,4.0,1.88737914186e-14,4.0,0.0,4.0,1.88737914186e-14,4.0,0.0,4.0
3.225,0.0,4.0,4.70734562441e-14,4.0,0.0,4.0,4.70734562441e-14,4.0,0.0,4.0
3.275,0.0,4.0,1.14408482688e-13,4.0,0.0,4.0,1.14408482688e-13,4.0,0.0,4.0
3.325,0.0,4.0,2.73947531326e-13,4.0,0.0,4.0,2.73947531326e-13,4.0,0.0,4.0
3.375,0.0,4.0,6.45927755727e-13,4.0,0.0,4.0,6.45927755727e-13,4.0,0.0,4.0
3.425,0.0,4.0,1.50435219837e-12,4.0,0.0,4.0,1.50435219837e-12,4.0,0.0,4.0
3.475,0.0,4.0,3.45878881092e-12,4.0,0.0,4.0,3.45878881092e-12,4.0,0.0,4.0
3.525,0.0,4.0,7.84805553878e-12,3.99999999999,0.0,4.0,7.84805553878e-12,3.99999999999,0.0,4.0
3.575,0.0,4.0,1.75749970133e-11,3.99999999999,0.0,4.0,1.75749970133e-11,3.99999999999,0.0,4.0
3.625,0.0,4.0,3.88459819869e-11,3.99999999998,0.0,4.0,3.88459819869e-11,3.99999999998,0.0,4.0
3.675,0.0,4.0,8.47421022255e-11,3.99999999995,0.0,4.0,8.47421022255e-11,3.99999999995,0.0,4.0
3.725,0.0,4.0,1.82449555469e-10,3.99999999988,0.0,4.0,1.82449555469e-10,3.99999999988,0.0,4.0
3.775,0.0,4.0,3.87671283987e-10,3.99999999975,0.0,4.0,3.87671283987e-10,3.99999999975,0.0,4.0
3.825,0.0,4.0,8.12923062304e-10,3.99999999948,0.0,4.0,8.12923062304e-10,3.99999999948,0.0,4.0
3.875,0.0,4.0,1.68223268694e-09,3.99999999893,0.0,4.0,1.68223268694e-09,3.99999999893,0.0,4.0
3.925,0.0,4.0,3.43524631152e-09,3.99999999781,0.0,4.0,3.43524631152e-09,3.99999999781,0.0,4.0
3.975,0.0,4.0,6.92228258813e-09,3.99999999558,0.0,4.0,6.92228258813e-09,3.99999999558,0.0,4.0
4.025,0.0,4.0,1.3763977377e-08,3.99999999121,0.0,4.0,1.3763977377e-08,3.99999999121,0.0,4.0
4.075,0.0,4.0,2.70037925963e-08,3.99999998276,0.0,4.0,2.70037925963e-08,3.99999998276,0.0,4.0
4.125,0.0,4.0,5.22726142292e-08,3.99999996662,0.0,4.0,5.22726142292e-08,3.99999996662,0.0,4.0
4.175,0.0,4.0,9.98330205538e-08,3.99999993625,0.0,4.0,9.98330205538e-08,3.99999993625,0.0,4.0
4.225,0.0,4.0,1.88107483354e-07,3.99999987988,0.0,4.0,1.88107483354e-07,3.99999987988,0.0,4.0
4.275,0.0,4.0,3.49663713129e-07,3.99999977672,0.0,4.0,3.49663713129e-07,3.99999977672,0.0,4.0
4.325,0.0,4.0,6.41191667056e-07,3.99999959057,0.0,4.0,6.41191667056e-07,3.99999959057,0.0,4.0
4.375,0.0,4.0,1.15983869317e-06,3.99999925938,0.0,4.0,1.15983869317e-06,3.99999925938,0.0,4.0
4.425,0.0,4.0,2.06946823806e-06,3.99999867854,0.0,4.0,2.06946823806e-06,3.99999867854,0.0,4.0
4.475,0.0,4.0,3.64208304141e-06,3.99999767434,0.0,4.0,3.64208304141e-06,3.99999767434,0.0,4.0
4.525,0.0,4.0,6.32191609685e-06,3.99999596314,0.0,4.0,6.32191609685e-06,3.99999596314,0.0,4.0
4.575,0.0,4.0,1.08226293198e-05,3.9999930892,0.0,4.0,1.08226293198e-05,3.9999930892,0.0,4.0
4.625,0.0,4.0,1.82716972069e-05,3.9999883326,0.0,4.0,1.82716972069e-05,3.9999883326,0.0,4.0
4.675,0.0,4.0,3.04203006279e-05,3.9999805751,4.99600361081e-16,4.0,3.04203006279e-05,3.9999805751,4.99600361081e-16,4.0
4.725,0.0,4.0,4.99416357779e-05,3.99996810976,5.38458166943e-15,4.0,4.99416357779e-05,3.99996810976,5.38458166943e-15,4.0
4.775,0.0,4.0,8.0844906316e-05,3.9999483765,2.34812169708e-14,4.0,8.0844906316e-05,3.9999483765,2.34812169708e-14,4.0
4.825,0.0,4.0,0.000129035515907,3.9999176045,8.72080185843e-14,4.0,0.000129035515907,3.9999176045,8.72080185843e-14,4.0
4.875,0.0,4.0,0.000203052821514,3.99987034105,3.08031378182e-13,4.0,0.000203052821514,3.99987034105,3.08031378182e-13,4.0
4.925,0.0,4.0,0.000315013577438,3.99979884931,1.0706435738e-12,4.0,0.000315013577438,3.99979884931,1.0706435738e-12,4.0
4.975,0.0,4.0,0.000481779988648,3.99969236258,3.6380898294e-12,4.0,0.000481779988648,3.99969236258,3.6380898294e-12,4.0
5.025,0.0,4.0,0.000726354246401,3.99953619432,1.21135323994e-11,3.99999999999,0.000726354246401,3.99953619432,1.21135323994e-11,3.99999999999
5.075,0.0,4.0,0.00107947522359,3.99931071933,3.95560251223e-11,3.99999999997,0.00107947522359,3.99931071933,3.95560251223e-11,3.99999999997
5.125,0.0,4.0,0.00158135753774,3.998990265,1.26617716314e-10,3.99999999992,0.00158135753774,3.998990265,1.26617716314e-10,3.99999999992
5.175,0.0,4.0,0.00228347024637,3.99854197834,3.97126553889e-10,3.99999999975,0.00228347024637,3.99854197834,3.97126553889e-10,3.99999999975
5.225,0.0,4.0,0.00325020637484,3.9979247651,1.22003213112e-09,3.99999999922,0.00325020637484,3.9979247651,1.22003213112e-09,3.99999999922
5.275,0.0,4.0,0.00456025242934,3.99708842371,3.66987435101e-09,3.99999999766,0.00456025242934,3.99708842371,3.66987435101e-09,3.99999999766
5.325,0.0,4.0,0.00630743847871,3.99597311615,1.08038324029e-08,3.9999999931,0.00630743847871,3.99597311615,1.08038324029e-08,3.9999999931
5.375,0.0,4.0,0.00860084466313,3.9945093205,3.11133637623e-08,3.99999998013,0.00860084466313,3.9945093205,3.11133637623e-08,3.99999998013
5.425,0.0,4.0,0.0115639680202,3.99261839292,8.76066584871e-08,3.99999994406,0.0115639680202,3.99261839292,8.76066584871e-08,3.99999994406
5.475,0.0,4.0,0.0153328188437,3.99021382424,2.41049961108e-07,3.99999984608,0.0153328188437,3.99021382424,2.41049961108e-07,3.99999984608
5.525,0.0,4.0,0.0200529158895,3.98720321208,6.47728559763e-07,3.99999958639,0.0200529158895,3.98720321208,6.47728559763e-07,3.99999958639
5.575,0.0,4.0,0.0258752736525,3.98349088868,1.69865468801e-06,3.99999891532,0.0258752736525,3.98349088868,1.69865468801e-06,3.99999891532
5.625,0.0,4.0,0.0329516041109,3.97898106021,4.34432889163e-06,3.99999722593,0.0329516041109,3.97898106021,4.34432889163e-06,3.99999722593
5.675,0.0,4.0,0.0414290669985,3.9735812399,1.0826530406e-05,3.99999308671,0.0414290669985,3.9735812399,1.0826530406e-05,3.99999308671
5.725,0.0,4.0,0.0514449751373,3.96720570879,2.6266712662e-05,3.99998322738,0.0514449751373,3.96720570879,2.6266712662e-05,3.99998322738
5.775,0.0,4.0,0.0631218796623,3.95977872484,6.19757751367e-05,3.99996042538,0.0631218796623,3.95977872484,6.19757751367e-05,3.99996042538
5.825,0.0,4.0,0.0765634199738,3.95123722661,0.000142045490986,3.99990929708,0.0765634199738,3.95123722661,0.000142045490986,3.99990929708
5.875,0.0,4.0,0.0918512327927,3.94153283606,0.000315820094464,3.99979833458,0.0918512327927,3.94153283606,0.000315820094464,3.99979833458
5.925,0.0,4.0,0.109043091286,3.93063304668,0.000680131055386,3.99956571022,0.109043091286,3.93063304668,0.000680131055386,3.99956571022
5.975,0.0,4.0,0.128172311324,3.91852157145,0.00141620089642,3.9990957217,0.128172311324,3.91852157145,0.00141620089642,3.9990957217
6.025,0.0,4.0,0.149248339275,3.90519790682,0.00284560196161,3.99818309671,0.149248339275,3.90519790682,0.00284560196161,3.99818309671
6.075,0.0,4.0,0.172258340734,3.89067623285,0.0055052977681,3.99648519836,0.172258340734,3.89067623285,0.0055052977681,3.99648519836
6.125,0.0,4.0,0.197169550962,3.87498380896,0.0102308241715,3.99346927287,0.197169550962,3.87498380896,0.0102308241715,3.99346927287
6.175,0.0,4.0,0.223932126184,3.85815903975,0.0182182191932,3.9883738397,0.223932126184,3.85815903975,0.0182182191932,3.9883738397
6.225,0.0,4.0,0.252482245006,3.840249379,0.0310151656988,3.98021639861,0.252482245006,3.840249379,0.0310151656988,3.98021639861
6.275,0.0,4.0,0.282745241993,3.82130921782,0.0503869231855,3.96788272671,0.282745241993,3.82130921782,0.0503869231855,3.96788272671
6.325,0.09278927023085437,3.940968747094586,0.314638601202,3.80139787244,0.0780379549225,3.95030972886,0.314638601202,3.80139787244,0.0780379549225,3.95030972886
6.375,0.14834482578640973,3.9058350944649467,0.348074687161,3.78057775376,0.115261367093,3.92671396846,0.348074687161,3.78057775376,0.115261367093,3.92671396846
6.425,0.20390038134196597,3.8708587517105935,0.382963138044,3.75891276849,0.162723221258,3.89673095974,0.382963138044,3.75891276849,0.162723221258,3.89673095974
6.475,0.25945593689752133,3.8360397188315236,0.419212886086,3.73646697482,0.220762905318,3.86022313545,0.419212886086,3.73646697482,0.220762905318,3.86022313545
6.525,0.31501149245307847,3.801377995827738,0.456733801981,3.71330349409,0.290592238779,3.81652616405,0.456733801981,3.71330349409,0.290592238779,3.81652616405
6.575,0.3705670480086347,3.7668735826992377,0.495437982559,3.68948366458,0.364159845163,3.77101028687,0.495437982559,3.68948366458,0.364159845163,3.77101028687
6.625,0.42612260356419007,3.7325264794460216,0.535240715503,3.66506641385,0.431563898429,3.72919767917,0.535240715503,3.66506641385,0.431563898429,3.72919767917
6.675,0.4816781591197463,3.6983366860680906,0.576061162585,3.64010782114,0.495683528158,3.69026282536,0.576061162585,3.64010782114,0.495683528158,3.69026282536
6.725,0.5372337146753017,3.664304202565443,0.617822805483,3.61466083933,0.556209174214,3.6523090251,0.617822805483,3.61466083933,0.556209174214,3.6523090251
6.775,0.5927892702308588,3.6304290289380807,0.660453697247,3.58877514712,0.616801433089,3.61664418188,0.660453697247,3.58877514712,0.616801433089,3.61664418188
6.825,0.6483448257864142,3.5967111651860026,0.703886559208,3.56249710411,0.674662757808,3.58083017127,0.703886559208,3.56249710411,0.674662757808,3.58083017127
6.875,0.7039003813419704,3.5631506113092097,0.748058758561,3.53586978486,0.73220022374,3.5461356478,0.748058758561,3.53586978486,0.73220022374,3.5461356478
6.925,0.7594559368975258,3.529747367307701,0.792912196807,3.50893307133,0.789606902778,3.5124511324,0.792912196807,3.50893307133,0.789606902778,3.5124511324
6.975,0.815011492453082,3.4965014331814777,0.838393134191,3.48172378679,0.845490408688,3.47844219683,0.838393134191,3.48172378679,0.845490408688,3.47844219683
7.025,0.8705670480086383,3.4634128089305376,0.884451970518,3.45427585733,0.901246918673,3.44511975515,0.884451970518,3.45427585733,0.901246918673,3.44511975515
7.075,0.9261226035641945,3.4304814945548827,0.931042998538,3.42662049011,0.957396493023,3.4127001688,0.931042998538,3.42662049011,0.957396493023,3.4127001688
7.125,0.9816781591197499,3.397707490054512,0.978124142397,3.39878636008,1.01274452595,3.38003388633,0.978124142397,3.39878636008,1.01274452595,3.38003388633
7.175,1.0372337146753061,3.3650907954294267,1.02565669059,3.37079979876,1.06720660441,3.34745124724,1.02565669059,3.37079979876,1.06720660441,3.34745124724
7.225,1.0927892702308624,3.3326314106796264,1.07360503036,3.34268498056,1.12253784305,3.31571527521,1.07360503036,3.34268498056,1.12253784305,3.31571527521
7.275,1.1483448257864177,3.3003293358051096,1.12193638827,3.31446410346,1.17764520829,3.28416939874,1.12193638827,3.31446410346,1.17764520829,3.28416939874
7.325,1.2039003813419749,3.268184570805877,1.17062058046,3.28615756202,1.23170724366,3.25230063859,1.17062058046,3.28615756202,1.23170724366,3.25230063859
7.375,1.2594559368975302,3.2361971156819296,1.21962977417,3.25778411124,1.28622079368,3.22099895857,1.21962977417,3.25778411124,1.28622079368,3.22099895857
7.425,1.3150114924530856,3.2043669704332665,1.26893826188,3.22936102102,1.34108068207,3.19029400094,1.26893826188,3.22936102102,1.34108068207,3.19029400094
7.475,1.370567048008641,3.1726941350598885,1.31852224805,3.20090422068,1.39542124247,3.15931550365,1.31852224805,3.20090422068,1.39542124247,3.15931550365
7.525,1.426122603564198,3.141178609561793,1.36835964827,3.17242843424,1.4488858859,3.1282421236,1.36835964827,3.17242843424,1.4488858859,3.1282421236
7.575,1.4816781591197552,3.1098203939389837,1.41842989986,3.1439473065,1.50329117705,3.09781875747,1.41842989986,3.1439473065,1.50329117705,3.09781875747
7.625,1.5372337146753106,3.0786194881914613,1.46871378306,3.1154735211,1.55805131916,3.0680273521,1.46871378306,3.1154735211,1.55805131916,3.0680273521
7.675,1.592789270230866,3.0475758923192213,1.51919325114,3.087018911,1.61213527202,3.03771402642,1.51919325114,3.087018911,1.61213527202,3.03771402642
7.725,1.6483448257864213,3.0166896063222657,1.56985126801,3.05859456275,1.66519240812,3.00731055851,1.56985126801,3.05859456275,1.66519240812,3.00731055851
7.775,1.7039003813419784,2.9859606302005934,1.62067165134,3.03021091529,1.71945046491,2.97763182432,1.62067165134,3.03021091529,1.71945046491,2.97763182432
7.825,1.7594559368975338,2.9553889639542072,1.67163891925,3.00187785479,1.77405260554,2.94840469266,1.67163891925,3.00187785479,1.77405260554,2.94840469266
7.875,1.815011492453091,2.9249746075831053,1.72273813808,2.97360480657,1.8275414306,2.91865080334,1.72273813808,2.97360480657,1.8275414306,2.91865080334
7.925,1.8705670480086463,2.8947175610872886,1.77395476872,2.94540082572,1.88105842105,2.889142377,1.77395476872,2.94540082572,1.88105842105,2.889142377
7.975,1.9261226035642016,2.8646178244667553,1.82527450832,2.91727468787,1.93543933914,2.86039552047,1.82527450832,2.91727468787,1.93543933914,2.86039552047
8.025,1.9816781591197588,2.834675397721508,1.87668312397,2.88923498214,1.98960146388,2.83154570137,1.87668312397,2.88923498214,1.98960146388,2.83154570137
8.075,2.037233714675314,2.8048902808515432,1.92816627396,2.86129020813,2.0426009586,2.80229797398,1.92816627396,2.86129020813,2.0426009586,2.80229797398
8.125,2.0927892702308695,2.7752624738568654,1.97970931164,2.83344887969,2.09592162859,2.77342635863,1.97970931164,2.83344887969,2.09592162859,2.77342635863
8.175,2.1483448257864266,2.74579197673747,2.03129706562,2.8057196383,2.15046883542,2.74541042961,2.03129706562,2.8057196383,2.15046883542,2.74541042961
8.225,2.203900381341982,2.7164787894933617,2.08291358856,2.77811137986,2.20502800144,2.71755357309,2.08291358856,2.77811137986,2.20502800144,2.71755357309
8.275,2.259455936897539,2.687322912124534,2.13454186496,2.75063339932,2.25818724957,2.68899185494,2.13454186496,2.75063339932,2.25818724957,2.68899185494
8.325,2.3150114924530927,2.658324344630995,2.18616346568,2.72329555897,2.31059207571,2.66042236812,2.18616346568,2.72329555897,2.31059207571,2.66042236812
8.375,2.37056704800865,2.629483087012738,2.23775813357,2.69610848756,2.36406434314,2.63242944885,2.23775813357,2.69610848756,2.36406434314,2.63242944885
8.425,2.426122603564207,2.6007991392697676,2.28930328028,2.66908381956,2.41909088032,2.60562602933,2.28930328028,2.66908381956,2.41909088032,2.60562602933
8.475,2.4816781591197623,2.5722725014020806,2.34077336818,2.64223448643,2.47365244137,2.57854124285,2.34077336818,2.64223448643,2.47365244137,2.57854124285
8.525,2.5372337146753194,2.543903173409678,2.39213914388,2.6155750753,2.52607004947,2.55055855095,2.39213914388,2.6155750753,2.52607004947,2.55055855095
8.575,2.592789270230873,2.5156911552925614,2.44336667939,2.58912227523,2.57799894959,2.5227804464,2.44336667939,2.58912227523,2.57799894959,2.5227804464
8.625,2.64834482578643,2.4876364470507264,2.49441616371,2.56289543695,2.63135897557,2.49572070951,2.49441616371,2.56289543695,2.63135897557,2.49572070951
8.675,2.7039003813419873,2.4597390486841775,2.5452403703,2.53691728009,2.68646249646,2.47007342653,2.5452403703,2.53691728009,2.68646249646,2.47007342653
8.725,2.7594559368975426,2.4319989601929137,2.5957827033,2.51121479177,2.74025735573,2.44378191975,2.5957827033,2.51121479177,2.74025735573,2.44378191975
8.775,2.815011492453098,2.4044161815769343,2.64597469796,2.48582037288,2.79144731644,2.4167867851,2.64597469796,2.48582037288,2.79144731644,2.4167867851
8.825,2.8705670480086534,2.376990712836239,2.69573281696,2.46077330304,2.84238982629,2.39037687975,2.69573281696,2.46077330304,2.84238982629,2.39037687975
8.875,2.9261226035642105,2.349722553970829,2.74495434779,2.43612161151,2.89482621459,2.36538411468,2.74495434779,2.43612161151,2.89482621459,2.36538411468
8.925,2.9816781591197676,2.3226117049807016,2.79351217224,2.41192445553,2.94701521482,2.34156491517,2.79351217224,2.41192445553,2.94701521482,2.34156491517
8.975,3.037233714675321,2.295658165865862,2.84124816366,2.38825511318,2.99449700926,2.31739739406,2.84124816366,2.38825511318,2.99449700926,2.31739739406
9.025,3.0927892702308784,2.268861936626303,2.88796500158,2.3652046797,3.03904049725,2.29457478474,2.88796500158,2.3652046797,3.03904049725,2.29457478474
9.075,3.1483448257864337,2.2422230172620328,2.93341634207,2.34288648565,3.08232356622,2.27467082933,2.93341634207,2.34288648565,3.08232356622,2.27467082933
9.125,3.22233763402033,2.20698770767421,2.97729565702,2.32144107974,3.12078947486,2.25723378129,2.97729565702,2.32144107974,3.12078947486,2.25723378129
9.175,3.22233763402033,2.20698770767421,3.01922484815,2.30104125382,3.15082348306,2.24144769746,3.01922484815,2.30104125382,3.15082348306,2.24144769746
9.225,3.22233763402033,2.20698770767421,3.05874521801,2.28189591086,3.17494017521,2.22909463212,3.05874521801,2.28189591086,3.17494017521,2.22909463212
9.275,3.22233763402033,2.20698770767421,3.09531581806,2.26425046639,3.19509335577,2.22110021741,3.09531581806,2.26425046639,3.19509335577,2.22110021741
9.325,3.22233763402033,2.20698770767421,3.12832758876,2.24837993554,3.20852910594,2.21555059876,3.12832758876,2.24837993554,3.20852910594,2.21555059876
9.375,3.22233763402033,2.20698770767421,3.15714507757,2.23456934198,3.21531974129,2.21122668102,3.15714507757,2.23456934198,3.21531974129,2.21122668102
9.425,3.22233763402033,2.20698770767421,3.18118777342,2.22307600214,3.21898703255,2.20852959502,3.18118777342,2.22307600214,3.21898703255,2.20852959502
9.475,3.22233763402033,2.20698770767421,3.20005435114,2.21407226074,3.22178791245,2.20719786032,3.20005435114,2.21407226074,3.22178791245,2.20719786032
9.525,3.22233763402033,2.20698770767421,3.213669444,2.20757809651,3.22460439881,2.20706369624,3.213669444,2.20757809651,3.22460439881,2.20706369624
9.575,3.22233763402033,2.20698770767421,3.22239763921,2.20340904453,3.22588677962,2.20673964075,3.22239763921,2.20340904453,3.22588677962,2.20673964075
9.625,3.22233763402033,2.20698770767421,3.22704852544,2.20117456849,3.22605330696,2.20631291014,3.22704852544,2.20117456849,3.22605330696,2.20631291014
9.675,3.22233763402033,2.20698770767421,3.22872821773,2.20034762291,3.22560633714,2.20586399045,3.22872821773,2.20034762291,3.22560633714,2.20586399045
9.725,3.22233763402033,2.20698770767421,3.22858147209,2.20038515072,3.22545551901,2.20582740121,3.22858147209,2.20038515072,3.22545551901,2.20582740121
9.775,3.22233763402033,2.20698770767421,3.22754845952,2.20084182101,3.22538617912,2.20611224324,3.22754845952,2.20084182101,3.22538617912,2.20611224324
9.825,3.22233763402033,2.20698770767421,3.22624302604,2.20142695588,3.2253351044,2.20657249048,3.22624302604,2.20142695588,3.2253351044,2.20657249048
9.875,3.22233763402033,2.20698770767421,3.22497617226,2.20199324374,3.22478344448,2.20693100408,3.22497617226,2.20199324374,3.22478344448,2.20693100408
9.925,3.22233763402033,2.20698770767421,3.22385979519,2.20248763783,3.2238263238,2.2071409011,3.22385979519,2.20248763783,3.2238263238,2.2071409011
9.975,3.22233763402033,2.20698770767421,3.22290727248,2.20290375444,3.22281581184,2.20728603669,3.22290727248,2.20290375444,3.22281581184,2.20728603669
10.025,3.22233763402033,2.20698770767421,3.22209766808,2.2032514729,3.22234162535,2.20756639751,3.22209766808,2.2032514729,3.22234162535,2.20756639751
10.075,3.22233763402033,2.20698770767421,3.22140505859,2.20354304277,3.22218990798,2.20784566077,3.22140505859,2.20354304277,3.22218990798,2.20784566077
10.125,3.22233763402033,2.20698770767421,3.22080747022,2.20378884716,3.22210277499,2.20801566008,3.22080747022,2.20378884716,3.22210277499,2.20801566008
10.175,3.22233763402033,2.20698770767421,3.22028777359,2.20399697661,3.22195790845,2.20804146994,3.22028777359,2.20399697661,3.22195790845,2.20804146994
10.225,3.22233763402033,2.20698770767421,3.21983266532,2.20417371019,3.22186530404,2.20796239286,3.21983266532,2.20417371019,3.22186530404,2.20796239286
10.275,3.22233763402033,2.20698770767421,3.21943165143,2.20432399631,3.22197745046,2.20788120779,3.21943165143,2.20432399631,3.22197745046,2.20788120779
10.325,3.22233763402033,2.20698770767421,3.21907631813,2.20445179757,3.22226715914,2.20779245015,3.21907631813,2.20445179757,3.22226715914,2.20779245015
10.375,3.22233763402033,2.20698770767421,3.21875982329,2.20456033127,3.22264065232,2.20771063561,3.21875982329,2.20456033127,3.22264065232,2.20771063561
10.425,3.22233763402033,2.20698770767421,3.21847653342,2.20465224104,3.22286249863,2.20758590025,3.21847653342,2.20465224104,3.22286249863,2.20758590025
10.475,3.22233763402033,2.20698770767421,3.21822175855,2.2047297221,3.22298835079,2.20746719512,3.21822175855,2.2047297221,3.22298835079,2.20746719512
10.525,3.22233763402033,2.20698770767421,3.21799155539,2.20479461431,3.22308674568,2.2073867751,3.21799155539,2.20479461431,3.22308674568,2.2073867751
10.575,3.22233763402033,2.20698770767421,3.21778258034,2.20484847154,3.22321804039,2.20736139282,3.21778258034,2.20484847154,3.22321804039,2.20736139282
10.625,3.22233763402033,2.20698770767421,3.21759198086,2.20489261305,3.22334959441,2.20737902662,3.21759198086,2.20489261305,3.22334959441,2.20737902662
10.675,3.22233763402033,2.20698770767421,3.21741731822,2.2049281598,3.22336680844,2.20737778284,3.21741731822,2.2049281598,3.22336680844,2.20737778284
10.725,3.22233763402033,2.20698770767421,3.21725651877,2.20495605747,3.22332165526,2.20737315584,3.21725651877,2.20495605747,3.22332165526,2.20737315584
10.775,3.22233763402033,2.20698770767421,3.2171078533,2.20497708614,3.22324824694,2.20738222991,3.2171078533,2.20497708614,3.22324824694,2.20738222991
10.825,3.22233763402033,2.20698770767421,3.21696994663,2.20499185556,3.22319646844,2.20741555296,3.21696994664,2.20499185555,3.22319646844,2.20741555296
10.875,3.22233763402033,2.20698770767421,3.21684181722,2.20500078628,3.22317809997,2.20745856919,3.21684181726,2.20500078627,3.22317809997,2.20745856919
10.925,3.22233763402033,2.20698770767421,3.21672293469,2.20500408233,3.22316812456,2.20748906131,3.2167229348,2.20500408227,3.22316812456,2.20748906131
10.975,3.22233763402033,2.20698770767421,3.21661325463,2.20500171452,3.22315182637,2.20749568019,3.21661325496,2.20500171437,3.22315182637,2.20749568019
11.025,3.22233763402033,2.20698770767421,3.21651314724,2.20499345425,3.22315347342,2.20748808923,3.21651314816,2.20499345382,3.22315347342,2.20748808923
11.075,3.22233763402033,2.20698770767421,3.21642309863,2.20497901492,3.2231892964,2.20747091868,3.21642310106,2.2049790138,3.2231892964,2.20747091868
11.125,3.22233763402033,2.20698770767421,3.21634308173,2.2049583501,3.22328395579,2.20743593773,3.21634308779,2.2049583473,3.22328395579,2.20743593773
11.175,3.22233763402033,2.20698770767421,3.21627163024,2.2049320923,3.22344054188,2.20738861027,3.2162716446,2.20493208567,3.22344054188,2.20738861027
11.225,3.22233763402033,2.20698770767421,3.21620492516,2.20490198589,3.22354968811,2.20734542017,3.21620495723,2.20490197107,3.22354968811,2.20734542017
11.275,3.22233763402033,2.20698770767421,3.21613651199,2.20487102081,3.22359100304,2.20731827318,3.21613657946,2.2048709896,3.22359100304,2.20731827318
11.325,3.22233763402033,2.20698770767421,3.21605833707,2.20484294095,3.22359816868,2.20731826154,3.21605847043,2.20484287919,3.22359816868,2.20731826154
11.375,3.22233763402033,2.20698770767421,3.21596331683,2.20482102577,3.22352740363,2.20736723731,3.21596356405,2.2048209112,3.22352740363,2.20736723731
11.425,3.22233763402033,2.20698770767421,3.21584862658,2.2048065309,3.22331266461,2.20749094581,3.21584905542,2.20480633208,3.22331266461,2.20749094581
11.475,3.22233763402033,2.20698770767421,3.21571789665,2.20479764673,3.22314064914,2.20758569261,3.21571859147,2.2047973245,3.22314064914,2.20758569261
11.525,3.22233763402033,2.20698770767421,3.21558051764,2.20478982731,3.22308049368,2.20762364773,3.21558156765,2.20478934036,3.22308049368,2.20762364773
11.575,3.22233763402033,2.20698770767421,3.21544780504,2.20477760824,3.22308905771,2.20762459511,3.21544928405,2.20477692258,3.22308905771,2.20762459511
11.625,3.22233763402033,2.20698770767421,3.21532802399,2.20475696474,3.22318165507,2.20758965906,3.21532996682,2.20475606483,3.22318165507,2.20758965906
11.675,3.22233763402033,2.20698770767421,3.21522333026,2.20472676129,3.22334460615,2.20752843002,3.21522571555,2.20472565823,3.22334460615,2.20752843002
11.725,3.22233763402033,2.20698770767421,3.21513033437,2.20468848353,3.22345529096,2.20749480198,3.21513308404,2.20468721543,3.22345529096,2.20749480198
11.775,3.22233763402033,2.20698770767421,3.21504327345,2.20464473372,3.22350878854,2.20747463861,3.21504627187,2.20464335702,3.22350878854,2.20747463861
11.825,3.22233763402033,2.20698770767421,3.21495716556,2.20459773463,3.22353921502,2.20746650335,3.21496029076,2.20459630965,3.22353921502,2.20746650335
11.875,3.22233763402033,2.20698770767421,3.21486912172,2.20454870665,3.22355937048,2.20746915436,3.21487227401,2.20454728446,3.22355937048,2.20746915436
11.925,3.22233763402033,2.20698770767421,3.21477795496,2.20449805227,3.22357436212,2.20748144594,3.21478107121,2.2044966682,3.22357436212,2.20748144594
11.975,3.22233763402033,2.20698770767421,3.21468327771,2.20444578291,3.22357371675,2.20749410541,3.21468632998,2.20444445734,3.22357371675,2.20749410541
12.025,3.22233763402033,2.20698770767421,3.21458490928,2.20439179856,3.2235606727,2.20750644224,3.21458789559,2.20439054144,3.2235606727,2.20750644224
12.075,3.22233763402033,2.20698770767421,3.21448266891,2.20433598456,3.22354878478,2.20751822479,3.21448560443,2.20433479967,3.22354878478,2.20751822479
12.125,3.22233763402033,2.20698770767421,3.21437634264,2.20427822561,3.22354173169,2.20752999866,3.2143792546,2.20427711319,3.22354173169,2.20752999866
12.175,3.22233763402033,2.20698770767421,3.21426568908,2.20421840119,3.2235300829,2.20754991409,3.2142686144,2.20421735933,3.2235300829,2.20754991409
12.225,3.22233763402033,2.20698770767421,3.21415044647,2.20415638005,3.22352060562,2.20757531743,3.21415343042,2.20415540553,3.22352060562,2.20757531743
12.275,3.22233763402033,2.20698770767421,3.21403033328,2.20409201727,3.22352807473,2.20758915277,3.2140334284,2.20409110625,3.22352807473,2.20758915277
12.325,3.22233763402033,2.20698770767421,3.21390504178,2.20402515424,3.22355270785,2.20758941685,3.21390830651,2.20402430268,3.22355270785,2.20758941685
12.375,3.22233763402033,2.20698770767421,3.21377422705,2.20395561993,3.22361381475,2.20757278386,3.21377772344,2.20395482394,3.22361381475,2.20757278386
12.425,3.22233763402033,2.20698770767421,3.21363749536,2.20388323135,3.22369227776,2.20755285995,3.21364128503,2.20388248728,3.22369227776,2.20755285995
12.475,3.22233763402033,2.20698770767421,3.21349439504,2.20380779026,3.22375323777,2.2075439429,3.21349853268,2.20380709477,3.22375323777,2.2075439429
12.525,3.22233763402033,2.20698770767421,3.21334440924,2.20372907453,3.2237915231,2.2075339536,3.2133489335,2.20372842444,3.2237915231,2.2075339536
12.575,3.22233763402033,2.20698770767421,3.21318694262,2.20364682201,3.22381049815,2.20752761783,3.21319186518,2.20364621422,3.22381049815,2.20752761783
12.625,3.22233763402033,2.20698770767421,3.21302128272,2.20356070409,3.22380754145,2.20753276359,3.21302657779,2.20356013536,3.22380754145,2.20753276359
12.675,3.22233763402033,2.20698770767421,3.21284650101,2.20347027726,3.22378464655,2.20755052224,3.21285209822,2.20346974407,3.22378464655,2.20755052224
12.725,3.22233763402033,2.20698770767421,3.21266122521,2.20337488121,3.22378191108,2.20756541265,3.21266700906,2.20337437961,3.22378191108,2.20756541265
12.775,3.22233763402033,2.20698770767421,3.21246313338,2.20327340918,3.22379656307,2.20758190897,3.21246895088,2.20327293471,3.22379656307,2.20758190897
12.825,3.22233763402033,2.20698770767421,3.21224782769,2.20316378331,3.22380738463,2.20759477904,3.21225350371,2.20316333093,3.22380738463,2.20759477904
12.875,3.22233763402033,2.20698770767421,3.21200630696,2.20304175928,3.22376629464,2.20762042502,3.21201166435,2.20304132325,3.22376629464,2.20762042502
12.925,3.22233763402033,2.20698770767421,3.21171926184,2.20289821501,3.22371166754,2.20765770795,3.21172414183,2.20289778885,3.22371166754,2.20765770795
12.975,3.22233763402033,2.20698770767421,3.2113441655,2.20271302076,3.22375557678,2.207645322,3.2113484437,2.20271259703,3.22375557678,2.207645322
13.025,3.22233763402033,2.20698770767421,3.21078607069,2.20244119808,3.22371034321,2.20767483895,3.21078966525,2.20244076794,3.22371034321,2.20767483895
13.075,3.22233763402033,2.20698770767421,3.20983166032,2.20198169564,3.22381085661,2.20763215901,3.20983453018,2.20198124764,3.22381085661,2.20763215901
13.125,3.22233763402033,2.20698770767421,3.20800066484,2.20110709894,3.22383877723,2.20762450695,3.20800279727,2.20110661603,3.22383877723,2.20762450695
13.175,3.22233763402033,2.20698770767421,3.20421246323,2.19930616038,3.22350341983,2.20778258222,3.20421384887,2.19930561328,3.22350341983,2.20778258222
13.225,3.22233763402033,2.20698770767421,3.19604433966,2.19543474008,3.22489714296,2.20710545327,3.19604492964,2.19543407323,3.22489714296,2.20710545327
13.275,3.22233763402033,2.20698770767421,3.17811222106,2.18696024008,3.22244457182,2.20830837017,3.17811185275,2.18695934336,3.22244457182,2.20830837017
13.325,3.22233763402033,2.20698770767421,3.13868420148,2.16841344183,3.2253749689,2.20666738781,3.13868246785,2.16841209761,3.2253749689,2.20666738781
13.375,3.22233763402033,2.20698770767421,3.05327382136,2.12861304209,3.22061626438,2.20695633585,3.05326986013,2.12861084322,3.22061626438,2.20695633585
13.425,3.22233763402033,2.20698770767421,2.87530486685,2.04731345448,3.20360435958,2.19786307523,2.87529714094,2.04730975207,3.20360435958,2.19786307523
13.475,3.22233763402033,2.20698770767421,2.53252574454,1.89690694032,3.05844075423,2.13058766628,2.5325122856,1.89690108616,3.05844075423,2.13058766628
13.525,0.0,1.0,1.96028398875,1.66348853359,2.19982655566,1.73672590289,1.9602642629,1.6634808181,2.19982655566,1.73672590289
13.575,0.0,1.0,1.20998586615,1.38854457379,0.461986492404,1.13900795595,1.20996439671,1.38853715723,0.461986492404,1.13900795595
13.625,0.0,1.0,0.536955937166,1.16737491067,0.041009313851,1.01292405358,0.536941272911,1.16737028845,0.041009313851,1.01292405358
13.675,0.0,1.0,0.171217928954,1.05364318688,0.00311274717398,1.00099271781,0.17121203589,1.05364135632,0.00311274717398,1.00099271781
13.725,0.0,1.0,0.0451659040491,1.01431920303,0.000234732265393,1.00007493791,0.045164219941,1.0143186708,0.000234732265393,1.00007493791
13.775,0.0,1.0,0.0111641430268,1.0035575451,1.77065954981e-05,1.00000565324,0.0111637152508,1.00355740849,1.77065954981e-05,1.00000565324
13.825,0.0,1.0,0.00271272772632,1.00086568868,1.33520980927e-06,1.0000004263,0.00271262098761,1.00086565444,1.33520980927e-06,1.0000004263
13.875,0.0,1.0,0.00065642752629,1.0002095565,1.00701326024e-07,1.00000003215,0.000656400416176,1.00020954777,1.00701326024e-07,1.00000003215
13.925,0.0,1.0,0.000158693157796,1.00005066538,7.59609649726e-09,1.00000000243,0.000158686019279,1.00005066308,7.59609649726e-09,1.00000000243
13.975,0.0,1.0,3.8358093334e-05,1.00001224671,5.73083830286e-10,1.00000000018,3.8356118992e-05,1.00001224607,5.73083830286e-10,1.00000000018
14.025,0.0,1.0,9.27177188475e-06,1.00000296024,4.324217373e-11,1.00000000001,8.88301952194e-06,1.00000283612,4.324217373e-11,1.00000000001
14.075,0.0,1.0,2.24125680025e-06,1.00000071558,3.26280669149e-12,1.0,2.1472587373e-06,1.00000068557,3.26280669149e-12,1.0
14.125,0.0,1.0,5.41805045252e-07,1.00000017299,2.45831133228e-13,1.0,5.19070269998e-07,1.00000016573,2.11645378221e-13,1.0
14.175,0.0,1.0,1.30981566236e-07,1.00000004182,1.82770465429e-14,1.0,1.25480746475e-07,1.00000004006,1.56903830908e-14,1.0
14.225,0.0,1.0,3.16651689304e-08,1.00000001011,1.15185638805e-15,1.0,3.03335663847e-08,1.00000000968,9.65479678184e-16,1.0
14.275,0.0,1.0,7.65494221694e-09,1.00000000244,1.38777878078e-17,1.0,7.33240031223e-09,1.00000000234,0.0,1.0
14.325,0.0,1.0,1.85041219737e-09,1.00000000059,0.0,1.0,1.77222753439e-09,1.00000000057,0.0,1.0
14.375,0.0,1.0,4.47231210335e-10,1.00000000014,0.0,1.0,4.28261668244e-10,1.00000000014,0.0,1.0
14.425,0.0,1.0,1.0806712469e-10,1.00000000003,0.0,1.0,1.03459955874e-10,1.00000000003,0.0,1.0
14.475,0.0,1.0,2.61040772329e-11,1.00000000001,0.0,1.0,2.49836448624e-11,1.00000000001,0.0,1.0
14.525,0.0,1.0,6.30269447742e-12,1.0,0.0,1.0,6.02931250601e-12,1.0,0.0,1.0
14.575,0.0,1.0,1.52054757674e-12,1.0,0.0,1.0,1.45357887328e-12,1.0,0.0,1.0
14.625,0.0,1.0,3.66331964763e-13,1.0,0.0,1.0,3.50051172881e-13,1.0,0.0,1.0
14.675,0.0,1.0,8.81378303674e-14,1.0,0.0,1.0,8.41177002776e-14,1.0,0.0,1.0
14.725,0.0,1.0,2.09832151654e-14,1.0,0.0,1.0,2.01052377612e-14,1.0,0.0,1.0
14.775,0.0,1.0,4.84334794493e-15,1.0,0.0,1.0,4.6044735975e-15,1.0,0.0,1.0
14.825,0.0,1.0,9.71445146547e-16,1.0,0.0,1.0,9.25296486356e-16,1.0,0.0,1.0
14.875,0.0,1.0,8.32667268469e-17,1.0,0.0,1.0,6.89784575147e-17,1.0,0.0,1.0
14.925,0.0,1.0,0.0,1.0,0.0,1.0,0.0,1.0,0.0,1.0
14.975,0.0,1.0,0.0,1.0,0.0,1.0,0.0,1.0,0.0,1.0
15.025,0.0,1.0,0.0,1.0,0.0,1.0,0.0,1.0,0.0,1.0
15.075,0.0,1.0,0.0,1.0,0.0,1.0,0.0,1.0,0.0,1.0
15.125,0.0,1.0,0.0,1.0,0.0,1.0,0.0,1.0,0.0,1.0
15.175,0.0,1.0,0.0,1.0,0.0,1.0,0.0,1.0,0.0,1.0
15.225,0.0,1.0,0.0,1.0,0.0,1.0,0.0,1.0,0.0,1.0
15.275,0.0,1.0,0.0,1.0,0.0,1.0,0.0,1.0,0.0,1.0
15.325,0.0,1.0,0.0,1.0,0.0,1.0,0.0,1.0,0.0,1.0
15.375,0.0,1.0,0.0,1.0,0.0,1.0,0.0,1.0,0.0,1.0
15.425,0.0,1.0,0.0,1.0,0.0,1.0,0.0,1.0,0.0,1.0
15.475,0.0,1.0,0.0,1.0,0.0,1.0,0.0,1.0,0.0,1.0
15.525,0.0,1.0,0.0,1.0,0.0,1.0,0.0,1.0,0.0,1.0
15.575,0.0,1.0,0.0,1.0,0.0,1.0,0.0,1.0,0.0,1.0
15.625,0.0,1.0,0.0,1.0,0.0,1.0,0.0,1.0,0.0,1.0
15.675,0.0,1.0,0.0,1.0,0.0,1.0,0.0,1.0,0.0,1.0
15.725,0.0,1.0,0.0,1.0,0.0,1.0,0.0,1.0,0.0,1.0
15.775,0.0,1.0,0.0,1.0,0.0,1.0,0.0,1.0,0.0,1.0
15.825,0.0,1.0,0.0,1.0,0.0,1.0,0.0,1.0,0.0,1.0
15.875,0.0,1.0,0.0,1.0,0.0,1.0,0.0,1.0,0.0,1.0
15.925,0.0,1.0,0.0,1.0,0.0,1.0,0.0,1.0,0.0,1.0
15.975,0.0,1.0,0.0,1.0,0.0,1.0,0.0,1.0,0.0,1.0
16.025,0.0,1.0,0.0,1.0,0.0,1.0,0.0,1.0,0.0,1.0
16.075,0.0,1.0,0.0,1.0,0.0,1.0,0.0,1.0,0.0,1.0
16.125,0.0,1.0,0.0,1.0,0.0,1.0,0.0,1.0,0.0,1.0
16.175,0.0,1.0,0.0,1.0,0.0,1.0,0.0,1.0,0.0,1.0
16.225,0.0,1.0,0.0,1.0,0.0,1.0,0.0,1.0,0.0,1.0
16.275,0.0,1.0,0.0,1.0,0.0,1.0,0.0,1.0,0.0,1.0
16.325,0.0,1.0,0.0,1.0,0.0,1.0,0.0,1.0,0.0,1.0
16.375,0.0,1.0,0.0,1.0,0.0,1.0,0.0,1.0,0.0,1.0
16.425,0.0,1.0,0.0,1.0,0.0,1.0,0.0,1.0,0.0,1.0
16.475,0.0,1.0,0.0,1.0,0.0,1.0,0.0,1.0,0.0,1.0
16.525,0.0,1.0,0.0,1.0,0.0,1.0,0.0,1.0,0.0,1.0
16.575,0.0,1.0,0.0,1.0,0.0,1.0,0.0,1.0,0.0,1.0
16.625,0.0,1.0,0.0,1.0,0.0,1.0,0.0,1.0,0.0,1.0
16.675,0.0,1.0,0.0,1.0,0.0,1.0,0.0,1.0,0.0,1.0
16.725,0.0,1.0,0.0,1.0,0.0,1.0,0.0,1.0,0.0,1.0
16.775,0.0,1.0,0.0,1.0,0.0,1.0,0.0,1.0,0.0,1.0
16.825,0.0,1.0,0.0,1.0,0.0,1.0,0.0,1.0,0.0,1.0
16.875,0.0,1.0,0.0,1.0,0.0,1.0,0.0,1.0,0.0,1.0
16.925,0.0,1.0,0.0,1.0,0.0,1.0,0.0,1.0,0.0,1.0
16.975,0.0,1.0,0.0,1.0,0.0,1.0,0.0,1.0,0.0,1.0
17.025,0.0,1.0,0.0,1.0,0.0,1.0,0.0,1.0,0.0,1.0
17.075,0.0,1.0,0.0,1.0,0.0,1.0,0.0,1.0,0.0,1.0
17.125,0.0,1.0,0.0,1.0,0.0,1.0,0.0,1.0,0.0,1.0
17.175,0.0,1.0,0.0,1.0,0.0,1.0,0.0,1.0,0.0,1.0
17.225,0.0,1.0,0.0,1.0,0.0,1.0,0.0,1.0,0.0,1.0
17.275,0.0,1.0,0.0,1.0,0.0,1.0,0.0,1.0,0.0,1.0
17.325,0.0,1.0,0.0,1.0,0.0,1.0,0.0,1.0,0.0,1.0
17.375,0.0,1.0,0.0,1.0,0.0,1.0,0.0,1.0,0.0,1.0
17.425,0.0,1.0,0.0,1.0,0.0,1.0,0.0,1.0,0.0,1.0
17.475,0.0,1.0,0.0,1.0,0.0,1.0,0.0,1.0,0.0,1.0
17.525,0.0,1.0,0.0,1.0,0.0,1.0,0.0,1.0,0.0,1.0
17.575,0.0,1.0,0.0,1.0,0.0,1.0,0.0,1.0,0.0,1.0
17.625,0.0,1.0,0.0,1.0,0.0,1.0,0.0,1.0,0.0,1.0
17.675,0.0,1.0,0.0,1.0,0.0,1.0,0.0,1.0,0.0,1.0
17.725,0.0,1.0,0.0,1.0,0.0,1.0,0.0,1.0,0.0,1.0
17.775,0.0,1.0,0.0,1.0,0.0,1.0,0.0,1.0,0.0,1.0
17.825,0.0,1.0,0.0,1.0,0.0,1.0,0.0,1.0,0.0,1.0
17.875,0.0,1.0,0.0,1.0,0.0,1.0,0.0,1.0,0.0,1.0
17.925,0.0,1.0,0.0,1.0,0.0,1.0,0.0,1.0,0.0,1.0
17.975,0.0,1.0,0.0,1.0,0.0,1.0,0.0,1.0,0.0,1.0
18.025,0.0,1.0,0.0,1.0,0.0,1.0,0.0,1.0,0.0,1.0
18.075,0.0,1.0,0.0,1.0,0.0,1.0,0.0,1.0,0.0,1.0
18.125,0.0,1.0,0.0,1.0,0.0,1.0,0.0,1.0,0.0,1.0
18.175,0.0,1.0,0.0,1.0,0.0,1.0,0.0,1.0,0.0,1.0
18.225,0.0,1.0,0.0,1.0,0.0,1.0,0.0,1.0,0.0,1.0
18.275,0.0,1.0,0.0,1.0,0.0,1.0,0.0,1.0,0.0,1.0
18.325,0.0,1.0,0.0,1.0,0.0,1.0,0.0,1.0,0.0,1.0
18.375,0.0,1.0,0.0,1.0,0.0,1.0,0.0,1.0,0.0,1.0
18.425,0.0,1.0,0.0,1.0,0.0,1.0,0.0,1.0,0.0,1.0
18.475,0.0,1.0,0.0,1.0,0.0,1.0,0.0,1.0,0.0,1.0
18.525,0.0,1.0,0.0,1.0,0.0,1.0,0.0,1.0,0.0,1.0
18.575,0.0,1.0,0.0,1.0,0.0,1.0,0.0,1.0,0.0,1.0
18.625,0.0,1.0,0.0,1.0,0.0,1.0,0.0,1.0,0.0,1.0
18.675,0.0,1.0,0.0,1.0,0.0,1.0,0.0,1.0,0.0,1.0
18.725,0.0,1.0,0.0,1.0,0.0,1.0,0.0,1.0,0.0,1.0
18.775,0.0,1.0,0.0,1.0,0.0,1.0,0.0,1.0,0.0,1.0
18.825,0.0,1.0,0.0,1.0,0.0,1.0,0.0,1.0,0.0,1.0
18.875,0.0,1.0,0.0,1.0,0.0,1.0,0.0,1.0,0.0,1.0
18.925,0.0,1.0,0.0,1.0,0.0,1.0,0.0,1.0,0.0,1.0
18.975,0.0,1.0,0.0,1.0,0.0,1.0,0.0,1.0,0.0,1.0
19.025,0.0,1.0,0.0,1.0,0.0,1.0,0.0,1.0,0.0,1.0
19.075,0.0,1.0,0.0,1.0,0.0,1.0,0.0,1.0,0.0,1.0
19.125,0.0,1.0,0.0,1.0,0.0,1.0,0.0,1.0,0.0,1.0
19.175,0.0,1.0,0.0,1.0,0.0,1.0,0.0,1.0,0.0,1.0
19.225,0.0,1.0,0.0,1.0,0.0,1.0,0.0,1.0,0.0,1.0
19.275,0.0,1.0,0.0,1.0,0.0,1.0,0.0,1.0,0.0,1.0
19.325,0.0,1.0,0.0,1.0,0.0,1.0,0.0,1.0,0.0,1.0
19.375,0.0,1.0,0.0,1.0,0.0,1.0,0.0,1.0,0.0,1.0
19.425,0.0,1.0,0.0,1.0,0.0,1.0,0.0,1.0,0.0,1.0
19.475,0.0,1.0,0.0,1.0,0.0,1.0,0.0,1.0,0.0,1.0
19.525,0.0,1.0,0.0,1.0,0.0,1.0,0.0,1.0,0.0,1.0
19.575,0.0,1.0,0.0,1.0,0.0,1.0,0.0,1.0,0.0,1.0
19.625,0.0,1.0,0.0,1.0,0.0,1.0,0.0,1.0,0.0,1.0
19.675,0.0,1.0,0.0,1.0,0.0,1.0,0.0,1.0,0.0,1.0
19.725,0.0,1.0,0.0,1.0,0.0,1.0,0.0,1.0,0.0,1.0
19.775,0.0,1.0,0.0,1.0,0.0,1.0,0.0,1.0,0.0,1.0
19.825,0.0,1.0,0.0,1.0,0.0,1.0,0.0,1.0,0.0,1.0
19.875,0.0,1.0,0.0,1.0,0.0,1.0,0.0,1.0,0.0,1.0
19.925,0.0,1.0,0.0,1.0,0.0,1.0,0.0,1.0,0.0,1.0
19.975,0.0,1.0,0.0,1.0,0.0,1.0,0.0,1.0,0.0,1.0
